{"Nom":{"0":"CCSE Maisonneuve","1":"Centre Morgan","2":"Maison de la Culture","3":"Biblioth\u00e8que Maisonneuve","4":"Centre social l\u2019Achoppe","5":"\u00c9cole secondaire Chomedey-De-Maisonneuve","6":"Restaurant Bagatelle Bistro"},"Superficie":{"0":3438,"1":2457,"2":2125,"3":4471,"4":4910,"5":8066,"6":2643},"Emissions_GES":{"0":76.23,"1":116.44,"2":0.98,"3":13.05,"4":97.43,"5":2.31,"6":18.0},"Electricite":{"0":418021,"1":306122,"2":650749,"3":642037,"4":80080,"5":1542329,"6":456263},"Latitude":{"0":45.5538,"1":45.55355,"2":45.5512,"3":45.55062,"4":45.55183,"5":45.55272,"6":45.55296},"Longitude":{"0":-73.54037,"1":-73.53818,"2":-73.54044,"3":-73.54063,"4":-73.53906,"5":-73.53847,"6":-73.5397},"Reconstruite":{"0":"Non","1":"Non","2":"Non","3":"Non","4":"Oui","5":"Oui","6":"Oui"},"ratio":{"0":0.0000018654,"1":0.0000013661,"2":0.000002904,"3":0.0000028651,"4":0.0000003574,"5":0.0000068827,"6":0.0000020361}}